الاسم,الوصف,الحالة,سعر البيع,سعر التكلفة,الكمية,رابط_المنتج,رابط_الصورة,بيانات_الصورة,التصنيف,معرف_التصنيف
حمالة علب المناديل الورقية,مالة علب المناديل يمكنك تثبيتها على رأس المقعد او على الشمسية الامامية تستخدم لتثبيت علب المناديل ثابتة و مقاومة للانزلاق,مسودة,1,,0,https://doublem-jo.com/products/tissue-box-holder?_pos=1&_sid=c4757068f&_ss=r,,,,
مانع صوت حزام الامان,انع صوت حزام الامان عالي الجودة مانع صوت حزام الامان عدد 2 تصميم انيق السعر يشمل القطعتين,مسودة,1,,0,https://doublem-jo.com/products/%D9%85%D8%A7%D9%86%D8%B9-%D8%B5%D9%88%D8%AA-%D8%AD%D8%B2%D8%A7%D9%85-%D8%A7%D9%84%D8%A7%D9%85%D8%A7%D9%86-1?_pos=2&_sid=ac486a767&_ss=r,,,,
جيبة جانبية متعددة الاستخدامات,تستخدم كأداة تخزين للهاتف المحمول والسجائر والبطاقات وغيرها سهلة جمع العناصر الصغيرة لجعل سيارتك مرتبة ومنظمة مظهر فريد ، أسلوب بسيط ، سهل التركيب,مسودة,1,,0,https://doublem-jo.com/products/%D8%AC%D9%8A%D8%A8%D8%A9-%D8%AC%D8%A7%D9%86%D8%A8%D9%8A%D8%A9-%D9%85%D8%AA%D8%B9%D8%AF%D8%AF%D8%A9-%D8%A7%D9%84%D8%A7%D8%B3%D8%AA%D8%AE%D8%AF%D8%A7%D9%85%D8%A7%D8%AA?_pos=3&_sid=e7e6ff95c&_ss=r,,,,
مكته على شكل كأس,مشكلة تناثر بقايا السجائر في السيارة عند الاستخدام فتح الغطاء إلى حوالي 90 درجة ، سيتم تشغيل الضوء تلقائيًا يمكنك تنظيفها بسهولة وسهلة التركيب آمنة للاستخدام تصلح لجميع أنواع السيارات,مسودة,1,,0,https://doublem-jo.com/products/%D9%85%D9%83%D8%AA%D9%87-%D8%B9%D9%84%D9%89-%D8%B4%D9%83%D9%84-%D9%83%D8%A3%D8%B3?_pos=1&_sid=eb17e621e&_ss=r,,,,
واقي باب 4 قطع,ستحمي واقيات الأبواب هذه باب سيارتك من الخدوش والتآكل مجموعة من 4 قطع تحمي حافة باب سيارتك من الصدمات القوية,مسودة,1,,0,https://doublem-jo.com/products/4-%D9%82%D8%B7%D8%B9-%D9%88%D8%A7%D9%82%D9%8A-%D8%A8%D8%A7%D8%A8-%D8%B3%D9%8A%D9%84%D9%8A%D9%83%D9%88%D9%86?_pos=1&_sid=f3e46e8d7&_ss=r,,,,
غطاء بلف عجل 4 قطع,تصميم خفيف وأنيق ، دائم ، مقاومة للصدأ منع الاوساخ والماء من الدخول للصمام,مسودة,1,,0,https://doublem-jo.com/products/%D8%BA%D8%B7%D8%A7%D8%A1-%D8%A8%D9%84%D9%81-%D8%B9%D8%AC%D9%84-4-%D9%82%D8%B7%D8%B9?_pos=2&_sid=7e4070701&_ss=r,,,,
مرآة نقطة عمياء دائرية 360 درجة,مرآة نقطة عمياء شكل دائري قاعدة قابلة للتعديل تتيح لك رؤية أكثر وضوحًا لتجعلك تقود بأمان تناسب جميع السيارات والشاحنات الصغيرة وسيارات الدفع الرباعي والحافلات سهل التثبيت ، يتم وضعها على أي جزء من المرآة الجانبية ويتم لصقها عن طريق الدبل فيس السعر يشمل قطعة واحدة فقط,مسودة,1,,0,https://doublem-jo.com/products/4510000127769?_pos=1&_sid=d2272126e&_ss=r,,,,
طقم أدوات إصلاح الإطارات,مجموعة أدوات إصلاح ثقب للإطارات الخالية من الأنابيب ستتيح لك هذه المجموعة إصلاح الثقب بسرعة وفعالية ضروري للمركبات ذات الإطارات الخالية من الأنابيب سهل الاستخدام وعالي الجودة يحتوي على ادوات مخرز بنشر,مسودة,1,,0,https://doublem-jo.com/products/%D8%B7%D9%82%D9%85-%D8%A3%D8%AF%D9%88%D8%A7%D8%AA-%D8%A5%D8%B5%D9%84%D8%A7%D8%AD-%D8%A7%D9%84%D8%A5%D8%B7%D8%A7%D8%B1%D8%A7%D8%AA?_pos=1&_sid=58bf60f5c&_ss=r,,,,
باكيت ٦ أقراص ماء مساحات لتنظيف الزجاج,قطعة تنظيف مع رغوة تضاف لماء المساحات ممتاز لغسل الزجاج الأمامي,مسودة,1,,0,https://doublem-jo.com/products/%D9%82%D8%B7%D8%B9%D8%A9-%D8%AA%D9%86%D8%B8%D9%8A%D9%81-%D9%85%D8%B9-%D8%B1%D8%BA%D9%88%D8%A9-%D8%AA%D8%B6%D8%A7%D9%81-%D9%84%D9%85%D8%A7%D8%A1-%D8%A7%D9%84%D9%85%D8%B3%D8%A7%D8%AD%D8%A7%D8%AA?_pos=1&_sid=1fd97d82e&_ss=r,,,,
وصلة AUX,تم تصميم كابل الصوت الإضافي 3.5 ملم / 1 متر يمكن استخدامه على نطاق واسع للهواتف المحمولة ، MP3 ، MP4 ، أجهزة الكمبيوتر ، الأجهزة اللوحية استمع إلى الموسيقى واستمتع بوقت الفراغ,مسودة,1,,0,https://doublem-jo.com/products/%D9%88%D8%B5%D9%84%D8%A9-aux?_pos=1&_sid=a54f67b65&_ss=r,,,,
واكس رش 450مل من جتسن,ركيبة جديدة للسيارة تتميز بتأثير قوي في إزالة الأوساخ والتلميع يمكن أن يزيل الأوساخ على الفور من السطح ويجعل السيارة مشرقة ولامعة ويشكل طبقة حماية خاصة على السطح ، وبالتالي يمنع الأشعة فوق البنفسجية والأمطار الحمضية تطبيق مريح مع الرش والمسح فقط ، إنه مناسب لطلاء السطح للسيارات والدراجات النارية,مسودة,1.5,,0,https://doublem-jo.com/products/%D9%88%D8%A7%D9%83%D8%B3-%D8%B1%D8%B4-450%D9%85%D9%84-%D9%85%D9%86-%D8%AC%D8%AA%D8%B3%D9%86?_pos=1&_sid=74a851685&_ss=r,,,,
برادي خلفية للسيارة طبع,تناسب 99% من السيارات والمركبات مع جذب وتثبيت مغناطيسي يحمي ويحجب أشعة الشمس للحفاظ على درجة الحرارة الداخلية لسيارتك تأتي بتصميم إبداعي مميز ما يجعلها سهلة وأنيقة لوضعها داخل منظم سيارتك عندما لا تكون قيد الاستخدام مصمم ليلائم سيارتك بدلاً من أن تضرب أشعة الشمس الجزء الخارجي لسيارتك وتخترق سيارتك س...,مسودة,2,,0,https://doublem-jo.com/products/%D8%A8%D8%B1%D8%A7%D8%AF%D9%8A-%D8%AE%D9%84%D9%81%D9%8A%D8%A9-%D9%84%D9%84%D8%B3%D9%8A%D8%A7%D8%B1%D8%A9-%D8%B7%D8%A8%D8%B9?_pos=1&_sid=834b62331&_ss=r,,,,
برادي امامية للسيارة طبع,تناسب 99% من السيارات والمركبات مع جذب وتثبيت مغناطيسي يحمي ويحجب أشعة الشمس للحفاظ على درجة الحرارة الداخلية لسيارتك تأتي بتصميم إبداعي مميز ما يجعلها سهلة وأنيقة لوضعها داخل منظم سيارتك عندما لا تكون قيد الاستخدام مصمم ليلائم سيارتك بدلاً من أن تضرب أشعة الشمس الجزء الخارجي لسيارتك وتخترق سيارتك س...,مسودة,2,,0,https://doublem-jo.com/products/%D8%A8%D8%B1%D8%A7%D8%AF%D9%8A-%D8%A7%D9%85%D8%A7%D9%85%D9%8A%D8%A9-%D9%84%D9%84%D8%B3%D9%8A%D8%A7%D8%B1%D8%A9-%D8%B7%D8%A8%D8%B9?_pos=1&_sid=9975bf5a8&_ss=r,,,,
واقي طمبون امامي,واقي طمبون امامي عدد2 يعطي مظهرا جميل لسيارتك سهل التركيب ومناسب لاغلب انواع السيارات يحمي السيارة من الصدمات والخدوش يتم لصقها على الطمبون الأمامي لتعطي منظر جمالي,مسودة,2,,0,https://doublem-jo.com/products/%D9%88%D8%A7%D9%82%D9%8A-%D8%B7%D9%85%D8%A8%D9%88%D9%86-%D8%A7%D9%85%D8%A7%D9%85%D9%8A?_pos=1&_sid=f97171403&_ss=r,,,,
واقي باب السيارة شعار شفاف,"تصميم مطاط لين وناعم وله مرونة
يمنع التلف عند فتح الباب
يمكنه بشكل فعال منع الاحتكاك الطفيف بين الباب مع اي شيء اخر
ويمنع الاضرار الناجمة عن اي اصطدام
شكل مميز وراقي
اضافة انيقة لسيارتك
الوان جذابة ورائعة
المجموعة تحتوي على اربعة قطع
السعر شامل 4قطع",مسودة,2,,0,https://doublem-jo.com/products/%D9%88%D8%A7%D9%82%D9%8A-%D8%A8%D8%A7%D8%A8-%D8%A7%D9%84%D8%B3%D9%8A%D8%A7%D8%B1%D8%A9-%D8%B4%D8%B9%D8%A7%D8%B1-%D8%B4%D9%81%D8%A7%D9%81?_pos=1&_sid=f3e665af5&_ss=r,,,,
مثلث السلامة التحذيري,مهم في حالات التعطل على الطرق السريعة أو القيادة الليلية تصميم قابل للطي ، مناسب للتخزين عندما لا يكون قيد الاستخدام معدات السلامة الضرورية عند الخروج جديد وعالي الجودة مثلث السيارة العاكس للطوارئ مثلثات التحذير يمكن وضع مثلثات التحذير على الطريق لتنبيه السائقين الآخرين إذا كان لديك عطل أو حالة طار...,مسودة,2,,0,https://doublem-jo.com/products/%D9%85%D8%AB%D9%84%D8%AB-%D8%A7%D9%84%D8%B3%D9%84%D8%A7%D9%85%D8%A9-%D8%A7%D9%84%D8%AA%D8%AD%D8%B0%D9%8A%D8%B1%D9%8A?_pos=1&_sid=6c666d795&_ss=r,,,,
لمبات هالوجين H1,السعر 2 الى 15,مسودة,2,,0,,,,,
فرشاة تنظيف الجنطات,فرشاة لغسيل إطارات السيارة قبضة مصممة هندسيا لقبضة مريحة ،رأسها مصمم بزاوية 360 درجة يجعل عملية التنظيف سهلة وسريعة وفعالة آمنة للاستخدام على جميع العجلات لإزالة الأوساخ على الطريق وغبار الفرامل يجب علينا تنظيف الإطارات لأن الأوساخ الملوثة بالإطار أثناء الاستخدام ستدخل داخل المطاط وتقلل من عمر الخدم...,مسودة,2,,0,https://doublem-jo.com/products/auto-wheel-brush-cleaning-car-rim-cleaner-kit-tire?_pos=1&_sid=14622f97b&_ss=r,,,,
رافع نسبة الأوكتان بالبنزين 354مل آبرو,يعزز مستويات الأوكتان في البنزين توقف عن الضرب ، والطرق ، وتشغيل المحرك يتم اضافته مع البنزين على 60لتر,مسودة,2,,0,https://doublem-jo.com/products/%D9%85%D8%B9%D8%B2%D8%B2-%D8%A7%D9%84%D8%A3%D9%88%D9%83%D8%AA%D8%A7%D9%86?_pos=1&_sid=dc939fcc4&_ss=r,,,,
منظف حقن الوقود,يزيل ضعف استجابة المحرك وتردده يذيب اللثة والورنيش ورواسب الكربون يساعد على إزالة الماء من وقود الغاز,مسودة,2,,0,https://doublem-jo.com/products/%D9%85%D9%86%D8%B8%D9%81-%D8%AD%D9%82%D9%86-%D8%A7%D9%84%D9%88%D9%82%D9%88%D8%AF?_pos=1&_sid=ad40fc0e8&_ss=r,,,dfgfdg,1785372378444
معالج البنزين,يحافظ على الغاز عن طريق الحفاظ على نظافة نظام استهلاك الوقود يعالج ما يصل إلى 21 جالون أو 80 لترا من الوقود يحسن جودة الغاز بشكل كبير.,مسودة,2,,0,https://doublem-jo.com/products/%D9%85%D8%B9%D8%B2%D8%B2-%D8%A7%D9%84%D8%BA%D8%A7%D8%B2?_pos=1&_sid=2c1f32e9c&_ss=r,,,,
Gladiator ماء مساحات,صُمم سائل غسيل الزجاج الأمامي من Gladiator لضمان أعلى مستويات الوضوح. هذه التركيبة المتميزة لا تترك أي خطوط أو بقايا وتساعد على طرد الماء، وفي الوقت نفسه تقوم بتغذية مطاط مساحات الزجاج. استبدل الماء العادي بهذا السائل لضمان أن تبقى مساحاتك تعمل بكفاءة، وتبقى رؤيتك نقية وواضحة في جميع الظروف الجوية....,مسودة,2,,0,https://doublem-jo.com/products/gladiator-%D9%85%D8%A7%D8%A1-%D9%85%D8%B3%D8%A7%D8%AD%D8%A7%D8%AA?_pos=1&_sid=2d72f98e3&_ss=r,,,,
PP منظف الكاربوريتر 450 مل,وصف المنتج PP منظف الكاربوريتر هو منتج مصمم لتنظيف الكاربوريتر والمكربنات في السيارات والدراجات النارية. يتميز هذا المنتج بالعديد من المزايا، منها: يزيل الأوساخ والرواسب: يزيل هذا المنتج الأوساخ والرواسب المتراكمة على الكاربوريتر والمكربنات، مما يحسن من أداء المحرك. يعيد أداء المحرك: يساعد هذا المن...,مسودة,2,,0,https://doublem-jo.com/products/pp-%D9%85%D9%86%D8%B8%D9%81-%D8%A7%D9%84%D9%83%D8%A7%D8%B1%D8%A8%D9%88%D8%B1%D9%8A%D8%AA%D8%B1-450-%D9%85%D9%84?_pos=1&_sid=d228d0052&_ss=r,,,,
منظف جلد 118مل من Crystal,يستخدم لتلميع الجلد والمحافظة على لمعان الجلد ومسح المادة بقطعة جافة ونظيفة,مسودة,2,,0,https://doublem-jo.com/products/%D9%85%D9%86%D8%B8%D9%81-%D8%AC%D9%84%D8%AF-118%D9%85%D9%84-%D9%85%D9%86-crystal?_pos=1&_sid=bc5ad8825&_ss=r,,,,
حمالة هاتف على المراية الوسط,,مسودة,2,,0,https://doublem-jo.com/products/%D8%AD%D9%85%D8%A7%D9%84%D8%A9-%D9%87%D8%A7%D8%AA%D9%81-%D8%B9%D9%84%D9%89-%D8%A7%D9%84%D9%85%D8%B1%D8%A7%D9%8A%D8%A9-%D8%A7%D9%84%D9%88%D8%B3%D8%B7?_pos=1&_sid=9e0b85361&_ss=r,,,,
مقبض طارة جانبي,"مقبض عجلة القيادة غير القابل للانزلاق
طبقة مزدوجة وعديمة الرائحة
مما يوفر حماية دائمة لعجلة القيادة
آمنة وموثوقة وعالية الجودة
وتجلب لك تجربة قيادة مريحة",مسودة,5,,0,https://doublem-jo.com/products/%D9%85%D9%82%D8%A8%D8%B6-%D8%B7%D8%A7%D8%B1%D8%A9-%D8%AC%D8%A7%D9%86%D8%A8%D9%8A-1?_pos=13&_sid=7b66b31ab&_ss=r,,,,
غطاء مطري لشاحن السيارات الكهربائية,غطاء منفذ شاحن السيارة الكهربائية المميزات: مقاوم للماء والغبار: مصنوع من مادة PVC عالية الجودة، يمنع دخول الماء والغبار إلى منفذ الشاحن. سهل الاستخدام: سهل التركيب والإزالة دون الحاجة إلى أي أدوات. شفاف: يسمح لك برؤية حالة الشحن بسهولة. متعدد الاستخدامات: متوافق مع جميع أنواع السيارات الكهربائية. ...,مسودة,3,,0,https://doublem-jo.com/products/%D8%BA%D8%B7%D8%A7%D8%A1-%D9%85%D8%B7%D8%B1%D9%8A-%D9%84%D8%B4%D8%A7%D8%AD%D9%86-%D8%A7%D9%84%D8%B3%D9%8A%D8%A7%D8%B1%D8%A7%D8%AA-%D8%A7%D9%84%D9%83%D9%87%D8%B1%D8%A8%D8%A7%D8%A6%D9%8A%D8%A9?_pos=1&_sid=1a2f2aa7b&_ss=r,,,,
حبل سحب السيارة 3 طن,مكن ان تمنع من انزلاق السيارة و سحبها يمكن أن يساعد على سحب أو وضع السيارة بعيدا عن المكان الذي ينهار مريح وسهل الاستخدام قدرة السحب: 3 طن المواد: كتان و الحديد الطول 3 متر والعرض 4,مسودة,3,3,0,0,https://doublem-jo.com/products/%D8%AD%D8%A8%D9%84-%D8%B3%D8%AD%D8%A8-%D8%A7%D9%84%D8%B3%D9%8A%D8%A7%D8%B1%D8%A9-3-%D8%B7%D9%86?_pos=1&_sid=62974dd88&_ss=r,,,
براغي سد ثقوب العجلات,ما هي براغي سد ثقوب عجلات السيارات؟ هي عبارة عن براغي صغيرة الحجم مغطسة بالسيليكون مصممة خصيصًا لإصلاح الثقوب الصغيرة التي قد تظهر في إطارات السيارات. تعمل هذه البراغي على سد الثقب ومنع تسرب الهواء من الإطار، مما يتيح لك الاستمرار في القيادة حتى تتمكن من إصلاح الإطار بشكل كامل. كيف تعمل؟ إزالة الجس...,مسودة,3,,0,https://doublem-jo.com/products/%D8%A8%D8%B1%D8%A7%D8%BA%D9%8A-%D8%B3%D8%AF-%D8%AB%D9%82%D9%88%D8%A8-%D8%A7%D9%84%D8%B9%D8%AC%D9%84%D8%A7%D8%AA?_pos=1&_sid=2b9a67cd4&_ss=r,,,,
عدة فك التابلو 4 قطع,فك آمن وسهل للديكورات الداخلية لسيارتك! وداعًا للخدوش والأضرار! مع هذه المجموعة الاحترافية من أدوات فك الديكورات الداخلي…,مسودة,3,,0,https://doublem-jo.com/products/%D8%B9%D8%AF%D8%A9-%D9%81%D9%83-%D8%A7%D9%84%D8%AA%D8%A7%D8%A8%D9%84%D9%88-4-%D9%82%D8%B7%D8%B9?_pos=1&_sid=1ede978d2&_ss=r,,,,
مجموعة مفاتيح النجمة (Torx Keys) عالية الجودة,احصل على المجموعة الكاملة من مفاتيح النجمة التي تحتاجها لمهام الصيانة والتجميع الدقيقة. هذه المجموعة المصممة بعناية توفر لك جميع المقاسات الشائعة لفك وربط براغي توركس، مما يجعلها ضرورية لإصلاح السيارات، الدراجات، الأجهزة الإلكترونية، والأثاث الحديث.,مسودة,3,,0,https://doublem-jo.com/products/%D9%85%D8%AC%D9%85%D9%88%D8%B9%D8%A9-%D9%85%D9%81%D8%A7%D8%AA%D9%8A%D8%AD-%D8%A7%D9%84%D9%86%D8%AC%D9%85%D8%A9-torx-keys-%D8%B9%D8%A7%D9%84%D9%8A%D8%A9-%D8%A7%D9%84%D8%AC%D9%88%D8%AF%D8%A9?_pos=1&_sid=63b1ae737&_ss=r,,,,
بطارية ريموت سيارة توشيبا,,مسودة,3,,0,https://doublem-jo.com/products/%D8%A8%D8%B7%D8%A7%D8%B1%D9%8A%D8%A9-%D8%B1%D9%8A%D9%85%D9%88%D8%AA-%D8%B3%D9%8A%D8%A7%D8%B1%D8%A9?_pos=1&_sid=bc67e292f&_ss=r,,,,
شامبو مع واكس 450 مل Gladiator,,مسودة,3,,0,https://doublem-jo.com/products/%D8%B4%D8%A7%D9%85%D8%A8%D9%88-%D9%85%D8%B9-%D9%88%D8%A7%D9%83%D8%B3-450-%D9%85%D9%84-gladiator?_pos=1&_sid=5aecabd6f&_ss=r,,,,
منظف فووم متعدد الاستخدامات من GLADIATOR,,مسودة,3,,0,https://doublem-jo.com/products/%D9%85%D9%86%D8%B8%D9%81-%D9%81%D9%88%D9%88%D9%85-%D9%85%D8%AA%D8%B9%D8%AF%D8%AF-%D8%A7%D9%84%D8%A7%D8%B3%D8%AA%D8%AE%D8%AF%D8%A7%D9%85%D8%A7%D8%AA-%D9%85%D9%86-gladiator?_pos=1&_sid=c362ed173&_ss=r,,,,
بلوتوث سيارة لاسلكي,,مسودة,3,,0,https://doublem-jo.com/products/%D8%A8%D9%84%D9%88%D8%AA%D9%88%D8%AB-%D8%B3%D9%8A%D8%A7%D8%B1%D8%A9-%D9%84%D8%A7%D8%B3%D9%84%D9%83%D9%8A?_pos=1&_sid=34c3d816f&_ss=r,,,,
زيت بور ستيرنج 354مل STP,,مسودة,3.5,,0,https://doublem-jo.com/products/%D8%B2%D9%8A%D8%AA-%D8%A8%D9%88%D8%B1-%D8%B3%D8%AA%D9%8A%D8%B1%D9%86%D8%AC-354%D9%85%D9%84-%D8%A7%D8%B3-%D8%AA%D9%8A-%D8%A8%D9%8A?_pos=1&_sid=0550052e3&_ss=r,,,,
شمسية للزجاج الأمامي,,مسودة,4,,0,https://doublem-jo.com/products/car-front-window-sunshade?_pos=2&_sid=17c1bd926&_ss=r,,,,
غطاء دعسات حديد,,مسودة,5,,0,https://doublem-jo.com/products/%D8%BA%D8%B7%D8%A7%D8%A1-%D8%AF%D8%B9%D8%B3%D8%A7%D8%AA-%D8%AD%D8%AF%D9%8A%D8%AF-1?_pos=4&_sid=41ddd1b66&_ss=r,,,,
زعانف سقف,,مسودة,5,,0,https://doublem-jo.com/products/%D8%A3%D9%86%D8%AA%D9%8A%D9%86-%D8%B3%D9%8A%D8%A7%D8%B1%D8%A9-%D8%B2%D8%B9%D8%A7%D9%86%D9%81-%D8%A7%D9%84%D9%82%D8%B1%D8%B4-2?_pos=1&_sid=eb6cdf9db&_ss=r,,,,
ركاية سيارة وسط طبية مع حمالة هاتف,,مسودة,8,,0,https://doublem-jo.com/products/%D8%B1%D9%83%D8%A7%D9%8A%D8%A9-%D8%B3%D9%8A%D8%A7%D8%B1%D8%A9-%D9%88%D8%B3%D8%B7-%D8%B7%D8%A8%D9%8A%D8%A9-%D9%85%D8%B9-%D8%AD%D9%85%D8%A7%D9%84%D8%A9-%D9%87%D8%A7%D8%AA%D9%81?_pos=1&_sid=1f57e1281&_ss=r,,,,